10000001,peru,activo
20000002,chile,inactivo
30000003,colombia,activo
40000004,mexico,inactivo
50000005,argentina,activo
60000006,peru,inactivo
70000007,chile,activo
80000008,colombia,inactivo
10000009,mexico,activo
20000010,argentina,inactivo
30000011,peru,activo
40000012,chile,inactivo
50000013,colombia,activo
60000014,mexico,inactivo
70000015,argentina,activo
80000016,peru,inactivo
10000017,chile,activo
20000018,colombia,inactivo
30000019,mexico,activo
40000020,argentina,inactivo
50000021,peru,activo
60000022,chile,inactivo
70000023,colombia,activo
80000024,mexico,inactivo
10000025,argentina,activo
20000026,peru,inactivo
30000027,chile,activo
40000028,colombia,inactivo
50000029,mexico,activo
60000030,argentina,inactivo
70000031,peru,activo
80000032,chile,inactivo
10000033,colombia,activo
20000034,mexico,inactivo
30000035,argentina,activo
40000036,peru,inactivo
50000037,chile,activo
60000038,colombia,inactivo
70000039,mexico,activo
80000040,argentina,inactivo
10000041,peru,activo
20000042,chile,inactivo
30000043,colombia,activo
40000044,mexico,inactivo
50000045,argentina,activo
60000046,peru,inactivo
70000047,chile,activo
80000048,colombia,inactivo
10000049,mexico,activo
20000050,argentina,inactivo
30000051,peru,activo
40000052,chile,inactivo
50000053,colombia,activo
60000054,mexico,inactivo
70000055,argentina,activo
60000056,peru,inactivo
70000057,chile,activo
80000058,colombia,inactivo
10000059,mexico,activo
20000060,argentina,inactivo
30000061,peru,activo
40000062,chile,inactivo
50000063,colombia,activo
60000064,mexico,inactivo
70000065,argentina,activo
60000066,peru,inactivo
70000067,chile,activo
80000068,colombia,inactivo
10000069,mexico,activo
20000070,argentina,inactivo
30000071,peru,activo
40000072,chile,inactivo
50000073,colombia,activo
60000074,mexico,inactivo
70000075,argentina,activo